"No.","Time","Source","Destination","Protocol","srcPort","dstPort","Length","Info","tcp_Flags","tcp_WindowSize","Delay","OPC_Message_Size","OPC_Sec.Requ_ID","MessageType","Message_String","S7_ROSCTR","S7_Data_Length","S7_Function","S7_Message","S7_Error_Code","Mod_Length","Mod_Transa_ID","Mod_Function","Mod_Req_Frame","Mod_Req_Delay","Mod_Data","Delay (tcp)"
"10","0.818403053","172.18.0.6","10.0.0.2","ICMP","","","42","Echo (ping) request  id=0xda14, seq=0/0, ttl=50 (reply in 17)","","","0.784497545","","","","","","","","","","","","","","","",""
"11","0.818496032","172.18.0.6","10.0.0.3","ICMP","","","42","Echo (ping) request  id=0x6660, seq=0/0, ttl=38 (reply in 19)","","","0.000092979","","","","","","","","","","","","","","","",""
"12","0.818617277","172.18.0.6","10.0.0.1","ICMP","","","42","Echo (ping) request  id=0xcc88, seq=0/0, ttl=57 (reply in 20)","","","0.000121245","","","","","","","","","","","","","","","",""
"13","0.818631433","172.18.0.6","10.0.0.2","TCP","62758","443","58","62758  >  443 [SYN] Seq=0 Win=1024 Len=0 MSS=1460","0x002","1024","0.000014156","","","","","","","","","","","","","","","","0.000000000"
"14","0.818727302","172.18.0.6","10.0.0.3","TCP","62758","443","58","62758  >  443 [SYN] Seq=0 Win=1024 Len=0 MSS=1460","0x002","1024","0.000095869","","","","","","","","","","","","","","","","0.000000000"
"15","0.818771082","172.18.0.6","10.0.0.1","TCP","62758","443","58","62758  >  443 [SYN] Seq=0 Win=1024 Len=0 MSS=1460","0x002","1024","0.000043780","","","","","","","","","","","","","","","","0.000000000"
"16","0.818814068","172.18.0.6","10.0.0.2","TCP","62758","80","54","62758  >  80 [ACK] Seq=1 Ack=1 Win=1024 Len=0","0x010","1024","0.000042986","","","","","","","","","","","","","","","","0.000000000"
"18","0.818924540","172.18.0.6","10.0.0.3","TCP","62758","80","54","62758  >  80 [ACK] Seq=1 Ack=1 Win=1024 Len=0","0x010","1024","0.000035677","","","","","","","","","","","","","","","","0.000000000"
"21","0.819031678","172.18.0.6","10.0.0.1","TCP","62758","80","54","62758  >  80 [ACK] Seq=1 Ack=1 Win=1024 Len=0","0x010","1024","0.000027830","","","","","","","","","","","","","","","","0.000000000"
"27","0.819184819","172.18.0.6","10.0.0.2","ICMP","","","54","Timestamp request    id=0x7f51, seq=0/0, ttl=59","","","0.000013327","","","","","","","","","","","","","","","",""
"30","0.835925972","172.18.0.6","10.0.0.2","UDP","63014","3321","42","63014  >  3321 Len=0","","","0.016501675","","","","","","","","","","","","","","","",""
"31","0.835953015","172.18.0.6","10.0.0.3","UDP","63014","3321","42","63014  >  3321 Len=0","","","0.000027043","","","","","","","","","","","","","","","",""
"32","0.835964999","172.18.0.6","10.0.0.1","UDP","63014","3321","42","63014  >  3321 Len=0","","","0.000011984","","","","","","","","","","","","","","","",""
"33","0.835975591","172.18.0.6","10.0.0.2","UDP","63014","9130","42","63014  >  9130 Len=0","","","0.000010592","","","","","","","","","","","","","","","",""
"34","0.835986572","172.18.0.6","10.0.0.3","UDP","63014","9130","42","63014  >  9130 Len=0","","","0.000010981","","","","","","","","","","","","","","","",""
"35","0.836039588","172.18.0.6","10.0.0.1","UDP","63014","9130","42","63014  >  9130 Len=0","","","0.000053016","","","","","","","","","","","","","","","",""
"36","0.836055858","172.18.0.6","10.0.0.2","UDP","63014","1041","114","63014  >  1041 Len=72","","","0.000016270","","","","","","","","","","","","","","","",""
"37","0.836066514","172.18.0.6","10.0.0.3","UDP","63014","1041","114","63014  >  1041 Len=72","","","0.000010656","","","","","","","","","","","","","","","",""
"38","0.836076464","172.18.0.6","10.0.0.1","UDP","63014","1041","114","63014  >  1041 Len=72","","","0.000009950","","","","","","","","","","","","","","","",""
"39","0.836116926","172.18.0.6","10.0.0.2","UDP","63014","4298","42","63014  >  4298 Len=0","","","0.000040462","","","","","","","","","","","","","","","",""
"40","0.836393436","10.0.0.2","172.18.0.6","ICMP","63014","3321","70","Destination unreachable (Port unreachable)","","","0.000276510","","","","","","","","","","","","","","","",""
"41","0.836397791","10.0.0.3","172.18.0.6","ICMP","63014","3321","70","Destination unreachable (Port unreachable)","","","0.000004355","","","","","","","","","","","","","","","",""
"42","0.836399308","10.0.0.1","172.18.0.6","ICMP","63014","3321","70","Destination unreachable (Port unreachable)","","","0.000001517","","","","","","","","","","","","","","","",""
"43","0.836400884","10.0.0.2","172.18.0.6","ICMP","63014","9130","70","Destination unreachable (Port unreachable)","","","0.000001576","","","","","","","","","","","","","","","",""
"44","0.836402452","10.0.0.3","172.18.0.6","ICMP","63014","9130","70","Destination unreachable (Port unreachable)","","","0.000001568","","","","","","","","","","","","","","","",""
"45","0.836471976","10.0.0.1","172.18.0.6","ICMP","63014","9130","70","Destination unreachable (Port unreachable)","","","0.000069524","","","","","","","","","","","","","","","",""
"46","0.836475513","10.0.0.2","172.18.0.6","ICMP","63014","1041","142","Destination unreachable (Port unreachable)","","","0.000003537","","","","","","","","","","","","","","","",""
"47","0.836477260","10.0.0.3","172.18.0.6","ICMP","63014","1041","142","Destination unreachable (Port unreachable)","","","0.000001747","","","","","","","","","","","","","","","",""
"48","0.836478855","10.0.0.1","172.18.0.6","ICMP","63014","1041","142","Destination unreachable (Port unreachable)","","","0.000001595","","","","","","","","","","","","","","","",""
"49","0.836480366","10.0.0.2","172.18.0.6","ICMP","63014","4298","70","Destination unreachable (Port unreachable)","","","0.000001511","","","","","","","","","","","","","","","",""
"50","0.836518312","172.18.0.6","10.0.0.2","UDP","63014","6866","42","63014  >  6866 Len=0","","","0.000037946","","","","","","","","","","","","","","","",""
"51","0.836536310","172.18.0.6","10.0.0.3","UDP","63014","4298","42","63014  >  4298 Len=0","","","0.000017998","","","","","","","","","","","","","","","",""
"52","0.836546960","172.18.0.6","10.0.0.1","UDP","63014","4298","42","63014  >  4298 Len=0","","","0.000010650","","","","","","","","","","","","","","","",""
"53","0.836558078","172.18.0.6","10.0.0.2","UDP","63014","3339","42","63014  >  3339 Len=0","","","0.000011118","","","","","","","","","","","","","","","",""
"54","0.836567344","172.18.0.6","10.0.0.3","UDP","63014","6866","42","63014  >  6866 Len=0","","","0.000009266","","","","","","","","","","","","","","","",""
"55","0.836600382","172.18.0.6","10.0.0.1","UDP","63014","6866","42","63014  >  6866 Len=0","","","0.000033038","","","","","","","","","","","","","","","",""
"56","0.836614627","172.18.0.6","10.0.0.2","UDP","63014","1599","42","63014  >  1599 Len=0","","","0.000014245","","","","","","","","","","","","","","","",""
"57","0.836624697","172.18.0.6","10.0.0.3","UDP","63014","3339","42","63014  >  3339 Len=0","","","0.000010070","","","","","","","","","","","","","","","",""
"58","0.836634423","172.18.0.6","10.0.0.1","UDP","63014","3339","42","63014  >  3339 Len=0","","","0.000009726","","","","","","","","","","","","","","","",""
"59","0.836645316","172.18.0.6","10.0.0.2","UDP","63014","7220","42","63014  >  7220 Len=0","","","0.000010893","","","","","","","","","","","","","","","",""
"60","0.836675129","172.18.0.6","10.0.0.3","UDP","63014","1599","42","63014  >  1599 Len=0","","","0.000029813","","","","","","","","","","","","","","","",""
"61","0.836725620","172.18.0.6","10.0.0.1","UDP","63014","1599","42","63014  >  1599 Len=0","","","0.000050491","","","","","","","","","","","","","","","",""
"62","0.836784106","172.18.0.6","10.0.0.2","UDP","63014","7711","42","63014  >  7711 Len=0","","","0.000058486","","","","","","","","","","","","","","","",""
"63","0.836849507","172.18.0.6","10.0.0.3","UDP","63014","7220","42","63014  >  7220 Len=0","","","0.000065401","","","","","","","","","","","","","","","",""
"64","0.836952971","10.0.0.2","172.18.0.6","ICMP","63014","6866","70","Destination unreachable (Port unreachable)","","","0.000103464","","","","","","","","","","","","","","","",""
"65","0.836973132","10.0.0.3","172.18.0.6","ICMP","63014","4298","70","Destination unreachable (Port unreachable)","","","0.000020161","","","","","","","","","","","","","","","",""
"66","0.836974749","10.0.0.1","172.18.0.6","ICMP","63014","4298","70","Destination unreachable (Port unreachable)","","","0.000001617","","","","","","","","","","","","","","","",""
"67","0.836976189","10.0.0.2","172.18.0.6","ICMP","63014","3339","70","Destination unreachable (Port unreachable)","","","0.000001440","","","","","","","","","","","","","","","",""
"68","0.836977521","10.0.0.3","172.18.0.6","ICMP","63014","6866","70","Destination unreachable (Port unreachable)","","","0.000001332","","","","","","","","","","","","","","","",""
"69","0.836991366","172.18.0.6","10.0.0.1","UDP","63014","7220","42","63014  >  7220 Len=0","","","0.000013845","","","","","","","","","","","","","","","",""
"70","0.837063971","10.0.0.1","172.18.0.6","ICMP","63014","6866","70","Destination unreachable (Port unreachable)","","","0.000072605","","","","","","","","","","","","","","","",""
"71","0.837066897","10.0.0.3","172.18.0.6","ICMP","63014","3339","70","Destination unreachable (Port unreachable)","","","0.000002926","","","","","","","","","","","","","","","",""
"72","0.837068435","10.0.0.1","172.18.0.6","ICMP","63014","3339","70","Destination unreachable (Port unreachable)","","","0.000001538","","","","","","","","","","","","","","","",""
"73","0.837098498","172.18.0.6","10.0.0.2","UDP","63014","7216","42","63014  >  7216 Len=0","","","0.000030063","","","","","","","","","","","","","","","",""
"74","0.837114597","172.18.0.6","10.0.0.3","UDP","63014","7711","42","63014  >  7711 Len=0","","","0.000016099","","","","","","","","","","","","","","","",""
"75","0.837124508","172.18.0.6","10.0.0.1","UDP","63014","7711","42","63014  >  7711 Len=0","","","0.000009911","","","","","","","","","","","","","","","",""
"76","0.837134359","172.18.0.6","10.0.0.2","UDP","63014","8278","42","63014  >  8278 Len=0","","","0.000009851","","","","","","","","","","","","","","","",""
"77","0.837143643","172.18.0.6","10.0.0.3","UDP","63014","7216","42","63014  >  7216 Len=0","","","0.000009284","","","","","","","","","","","","","","","",""
"78","0.839736674","172.18.0.6","10.0.0.3","UDP","63014","8278","42","63014  >  8278 Len=0","","","0.002593031","","","","","","","","","","","","","","","",""
"79","0.839780632","172.18.0.6","10.0.0.1","UDP","63014","7216","42","63014  >  7216 Len=0","","","0.000043958","","","","","","","","","","","","","","","",""
"80","0.839841032","172.18.0.6","10.0.0.2","UDP","63014","6976","42","63014  >  6976 Len=0","","","0.000060400","","","","","","","","","","","","","","","",""
"81","0.839879796","172.18.0.6","10.0.0.3","UDP","63014","6976","42","63014  >  6976 Len=0","","","0.000038764","","","","","","","","","","","","","","","",""
"82","0.839916310","172.18.0.6","10.0.0.1","UDP","63014","8278","42","63014  >  8278 Len=0","","","0.000036514","","","","","","","","","","","","","","","",""
"83","0.839982591","172.18.0.6","10.0.0.2","UDP","63014","6255","42","63014  >  6255 Len=0","","","0.000066281","","","","","","","","","","","","","","","",""
"84","0.840069402","172.18.0.6","10.0.0.3","UDP","63014","6255","42","63014  >  6255 Len=0","","","0.000086811","","","","","","","","","","","","","","","",""
"85","0.840117142","172.18.0.6","10.0.0.1","UDP","63014","6976","42","63014  >  6976 Len=0","","","0.000047740","","","","","","","","","","","","","","","",""
"86","0.840310552","172.18.0.6","10.0.0.2","UDP","63014","1031","114","63014  >  1031 Len=72","","","0.000193410","","","","","","","","","","","","","","","",""
"87","0.840358415","172.18.0.6","10.0.0.3","UDP","63014","1031","114","63014  >  1031 Len=72","","","0.000047863","","","","","","","","","","","","","","","",""
"88","0.840443837","172.18.0.6","10.0.0.1","UDP","63014","6255","42","63014  >  6255 Len=0","","","0.000085422","","","","","","","","","","","","","","","",""
"89","0.840527506","172.18.0.6","10.0.0.2","UDP","63014","8791","42","63014  >  8791 Len=0","","","0.000083669","","","","","","","","","","","","","","","",""
"90","0.840609494","172.18.0.6","10.0.0.3","UDP","63014","8791","42","63014  >  8791 Len=0","","","0.000081988","","","","","","","","","","","","","","","",""
"91","0.840674580","172.18.0.6","10.0.0.1","UDP","63014","1031","114","63014  >  1031 Len=72","","","0.000065086","","","","","","","","","","","","","","","",""
"92","0.840691164","172.18.0.6","10.0.0.2","UDP","63014","1852","42","63014  >  1852 Len=0","","","0.000016584","","","","","","","","","","","","","","","",""
"93","0.840756420","172.18.0.6","10.0.0.3","UDP","63014","1852","42","63014  >  1852 Len=0","","","0.000065256","","","","","","","","","","","","","","","",""
"94","0.936704211","172.18.0.6","10.0.0.3","UDP","63014","6434","42","63014  >  6434 Len=0","","","0.095947791","","","","","","","","","","","","","","","",""
"95","0.936741909","172.18.0.6","10.0.0.1","UDP","63014","8791","42","63014  >  8791 Len=0","","","0.000037698","","","","","","","","","","","","","","","",""
"115","1.937803274","172.18.0.6","10.0.0.2","UDP","63016","1852","42","63016  >  1852 Len=0","","","0.920008870","","","","","","","","","","","","","","","",""
"116","1.937842161","172.18.0.6","10.0.0.2","UDP","63016","8791","42","63016  >  8791 Len=0","","","0.000038887","","","","","","","","","","","","","","","",""
"117","1.937976730","172.18.0.6","10.0.0.2","UDP","63016","1031","114","63016  >  1031 Len=72","","","0.000134569","","","","","","","","","","","","","","","",""
"118","1.937991446","172.18.0.6","10.0.0.2","UDP","63016","6255","42","63016  >  6255 Len=0","","","0.000014716","","","","","","","","","","","","","","","",""
"119","1.938005025","172.18.0.6","10.0.0.2","UDP","63016","6976","42","63016  >  6976 Len=0","","","0.000013579","","","","","","","","","","","","","","","",""
"120","1.938018361","172.18.0.6","10.0.0.2","UDP","63016","8278","42","63016  >  8278 Len=0","","","0.000013336","","","","","","","","","","","","","","","",""
"121","1.938028857","172.18.0.6","10.0.0.2","UDP","63016","7216","42","63016  >  7216 Len=0","","","0.000010496","","","","","","","","","","","","","","","",""
"122","1.938038820","172.18.0.6","10.0.0.2","UDP","63016","7711","42","63016  >  7711 Len=0","","","0.000009963","","","","","","","","","","","","","","","",""
"123","1.938070687","172.18.0.6","10.0.0.2","UDP","63016","7220","42","63016  >  7220 Len=0","","","0.000031867","","","","","","","","","","","","","","","",""
"124","1.938082703","172.18.0.6","10.0.0.2","UDP","63016","1599","42","63016  >  1599 Len=0","","","0.000012016","","","","","","","","","","","","","","","",""
"125","1.938093616","172.18.0.6","10.0.0.2","UDP","63014","6434","42","63014  >  6434 Len=0","","","0.000010913","","","","","","","","","","","","","","","",""
"126","1.938102737","172.18.0.6","10.0.0.2","UDP","63014","9421","42","63014  >  9421 Len=0","","","0.000009121","","","","","","","","","","","","","","","",""
"127","1.938144264","172.18.0.6","10.0.0.2","UDP","63014","1581","42","63014  >  1581 Len=0","","","0.000041527","","","","","","","","","","","","","","","",""
"128","1.938207343","10.0.0.2","172.18.0.6","ICMP","63016","1852","70","Destination unreachable (Port unreachable)","","","0.000063079","","","","","","","","","","","","","","","",""
"129","1.938227121","172.18.0.6","10.0.0.2","UDP","63014","2070","42","63014  >  2070 Len=0","","","0.000019778","","","","","","","","","","","","","","","",""
"130","1.938237998","172.18.0.6","10.0.0.2","UDP","63014","6433","42","63014  >  6433 Len=0","","","0.000010877","","","","","","","","","","","","","","","",""
"131","1.938247146","172.18.0.6","10.0.0.2","UDP","63014","2414","42","63014  >  2414 Len=0","","","0.000009148","","","","","","","","","","","","","","","",""
"135","2.038145389","172.18.0.6","10.0.0.1","UDP","63016","8791","42","63016  >  8791 Len=0","","","0.035700264","","","","","","","","","","","","","","","",""
"136","2.038182655","172.18.0.6","10.0.0.3","UDP","63016","6434","42","63016  >  6434 Len=0","","","0.000037266","","","","","","","","","","","","","","","",""
"137","2.038194624","172.18.0.6","10.0.0.1","UDP","63016","1031","114","63016  >  1031 Len=72","","","0.000011969","","","","","","","","","","","","","","","",""
"138","2.038207718","172.18.0.6","10.0.0.3","UDP","63016","1852","42","63016  >  1852 Len=0","","","0.000013094","","","","","","","","","","","","","","","",""
"139","2.038218838","172.18.0.6","10.0.0.1","UDP","63016","6255","42","63016  >  6255 Len=0","","","0.000011120","","","","","","","","","","","","","","","",""
"140","2.038278946","172.18.0.6","10.0.0.3","UDP","63016","8791","42","63016  >  8791 Len=0","","","0.000060108","","","","","","","","","","","","","","","",""
"141","2.038310055","172.18.0.6","10.0.0.1","UDP","63016","6976","42","63016  >  6976 Len=0","","","0.000031109","","","","","","","","","","","","","","","",""
"142","2.038320054","172.18.0.6","10.0.0.3","UDP","63016","1031","114","63016  >  1031 Len=72","","","0.000009999","","","","","","","","","","","","","","","",""
"143","2.038827798","10.0.0.1","172.18.0.6","ICMP","63016","8791","70","Destination unreachable (Port unreachable)","","","0.000507744","","","","","","","","","","","","","","","",""
"144","2.038832366","10.0.0.3","172.18.0.6","ICMP","63016","6434","70","Destination unreachable (Port unreachable)","","","0.000004568","","","","","","","","","","","","","","","",""
"145","2.041021352","172.18.0.6","10.0.0.2","UDP","63016","2414","42","63016  >  2414 Len=0","","","0.002188986","","","","","","","","","","","","","","","",""
"146","2.041042607","172.18.0.6","10.0.0.2","UDP","63016","6433","42","63016  >  6433 Len=0","","","0.000021255","","","","","","","","","","","","","","","",""
"147","2.041053008","172.18.0.6","10.0.0.2","UDP","63016","2070","42","63016  >  2070 Len=0","","","0.000010401","","","","","","","","","","","","","","","",""
"177","3.139411638","172.18.0.6","10.0.0.1","UDP","63018","6976","42","63018  >  6976 Len=0","","","0.135220959","","","","","","","","","","","","","","","",""
"178","3.139469306","172.18.0.6","10.0.0.3","UDP","63018","1031","114","63018  >  1031 Len=72","","","0.000057668","","","","","","","","","","","","","","","",""
"179","3.139483023","172.18.0.6","10.0.0.1","UDP","63018","6255","42","63018  >  6255 Len=0","","","0.000013717","","","","","","","","","","","","","","","",""
"180","3.139532705","172.18.0.6","10.0.0.3","UDP","63018","8791","42","63018  >  8791 Len=0","","","0.000049682","","","","","","","","","","","","","","","",""
"181","3.139830269","10.0.0.1","172.18.0.6","ICMP","63018","6976","70","Destination unreachable (Port unreachable)","","","0.000297564","","","","","","","","","","","","","","","",""
"182","3.139834552","10.0.0.3","172.18.0.6","ICMP","63018","1031","142","Destination unreachable (Port unreachable)","","","0.000004283","","","","","","","","","","","","","","","",""
"183","3.142240783","172.18.0.6","10.0.0.1","UDP","63018","1031","114","63018  >  1031 Len=72","","","0.002406231","","","","","","","","","","","","","","","",""
"184","3.142278051","172.18.0.6","10.0.0.2","UDP","63018","2070","42","63018  >  2070 Len=0","","","0.000037268","","","","","","","","","","","","","","","",""
"185","3.142311303","172.18.0.6","10.0.0.3","UDP","63018","1852","42","63018  >  1852 Len=0","","","0.000033252","","","","","","","","","","","","","","","",""
"186","3.142341179","172.18.0.6","10.0.0.2","UDP","63018","6433","42","63018  >  6433 Len=0","","","0.000029876","","","","","","","","","","","","","","","",""
"187","3.142637124","10.0.0.2","172.18.0.6","ICMP","63018","2070","70","Destination unreachable (Port unreachable)","","","0.000295945","","","","","","","","","","","","","","","",""
"188","3.240318466","172.18.0.6","10.0.0.2","UDP","63018","2414","42","63018  >  2414 Len=0","","","0.097681342","","","","","","","","","","","","","","","",""
"197","4.240655841","172.18.0.6","10.0.0.1","UDP","63020","1031","114","63020  >  1031 Len=72","","","0.114347574","","","","","","","","","","","","","","","",""
"198","4.240711364","172.18.0.6","10.0.0.1","UDP","63020","6255","42","63020  >  6255 Len=0","","","0.000055523","","","","","","","","","","","","","","","",""
"199","4.240952342","10.0.0.1","172.18.0.6","ICMP","63020","1031","142","Destination unreachable (Port unreachable)","","","0.000240978","","","","","","","","","","","","","","","",""
"200","4.243589000","172.18.0.6","10.0.0.1","UDP","63016","8278","42","63016  >  8278 Len=0","","","0.002636658","","","","","","","","","","","","","","","",""
"201","4.243732021","172.18.0.6","10.0.0.2","UDP","63020","2414","42","63020  >  2414 Len=0","","","0.000143021","","","","","","","","","","","","","","","",""
"202","4.243934823","172.18.0.6","10.0.0.3","UDP","63020","1852","42","63020  >  1852 Len=0","","","0.000202802","","","","","","","","","","","","","","","",""
"203","4.244115613","10.0.0.2","172.18.0.6","ICMP","63020","2414","70","Destination unreachable (Port unreachable)","","","0.000180790","","","","","","","","","","","","","","","",""
"204","4.244190872","10.0.0.3","172.18.0.6","ICMP","63020","1852","70","Destination unreachable (Port unreachable)","","","0.000075259","","","","","","","","","","","","","","","",""
"205","4.246490599","172.18.0.6","10.0.0.2","UDP","63020","6433","42","63020  >  6433 Len=0","","","0.002299727","","","","","","","","","","","","","","","",""
"206","4.246516885","172.18.0.6","10.0.0.3","UDP","63020","8791","42","63020  >  8791 Len=0","","","0.000026286","","","","","","","","","","","","","","","",""
"207","4.341249726","172.18.0.6","10.0.0.2","UDP","63016","1581","42","63016  >  1581 Len=0","","","0.094732841","","","","","","","","","","","","","","","",""
"208","4.343930213","172.18.0.6","10.0.0.3","UDP","63016","6255","42","63016  >  6255 Len=0","","","0.002680487","","","","","","","","","","","","","","","",""
"235","5.342316418","172.18.0.6","10.0.0.1","UDP","63018","8278","42","63018  >  8278 Len=0","","","0.192613146","","","","","","","","","","","","","","","",""
"236","5.342351047","172.18.0.6","10.0.0.1","UDP","63022","6255","42","63022  >  6255 Len=0","","","0.000034629","","","","","","","","","","","","","","","",""
"237","5.342616455","10.0.0.1","172.18.0.6","ICMP","63018","8278","70","Destination unreachable (Port unreachable)","","","0.000265408","","","","","","","","","","","","","","","",""
"238","5.345301770","172.18.0.6","10.0.0.1","UDP","63016","7216","42","63016  >  7216 Len=0","","","0.002685315","","","","","","","","","","","","","","","",""
"239","5.442775055","172.18.0.6","10.0.0.1","UDP","63016","7711","42","63016  >  7711 Len=0","","","0.097473285","","","","","","","","","","","","","","","",""
"240","5.446189478","172.18.0.6","10.0.0.1","UDP","63018","7216","42","63018  >  7216 Len=0","","","0.003414423","","","","","","","","","","","","","","","",""
"241","5.543170291","172.18.0.6","10.0.0.1","UDP","63018","7711","42","63018  >  7711 Len=0","","","0.096980813","","","","","","","","","","","","","","","",""
"242","5.547014981","172.18.0.6","10.0.0.1","UDP","63020","7216","42","63020  >  7216 Len=0","","","0.003844690","","","","","","","","","","","","","","","",""
"243","5.643239971","172.18.0.6","10.0.0.1","UDP","63020","7711","42","63020  >  7711 Len=0","","","0.096224990","","","","","","","","","","","","","","","",""
"244","5.647232505","172.18.0.6","10.0.0.1","UDP","63022","7216","42","63022  >  7216 Len=0","","","0.003992534","","","","","","","","","","","","","","","",""
"245","5.743436195","172.18.0.6","10.0.0.1","UDP","63022","7711","42","63022  >  7711 Len=0","","","0.096203690","","","","","","","","","","","","","","","",""
"246","5.747633355","172.18.0.6","10.0.0.1","UDP","63016","7220","42","63016  >  7220 Len=0","","","0.004197160","","","","","","","","","","","","","","","",""
"247","5.843804553","172.18.0.6","10.0.0.1","UDP","63016","1599","42","63016  >  1599 Len=0","","","0.096171198","","","","","","","","","","","","","","","",""
"248","5.844059732","10.0.0.1","172.18.0.6","ICMP","63016","1599","70","Destination unreachable (Port unreachable)","","","0.000255179","","","","","","","","","","","","","","","",""
"249","5.846247103","172.18.0.6","10.0.0.2","UDP","63018","1581","42","63018  >  1581 Len=0","","","0.002187371","","","","","","","","","","","","","","","",""
"250","5.846421712","10.0.0.2","172.18.0.6","ICMP","63018","1581","70","Destination unreachable (Port unreachable)","","","0.000174609","","","","","","","","","","","","","","","",""
"251","5.849426225","172.18.0.6","10.0.0.1","UDP","63018","7220","42","63018  >  7220 Len=0","","","0.003004513","","","","","","","","","","","","","","","",""
"252","5.849450511","172.18.0.6","10.0.0.2","UDP","63022","6433","42","63022  >  6433 Len=0","","","0.000024286","","","","","","","","","","","","","","","",""
"253","5.849604368","10.0.0.2","172.18.0.6","ICMP","63022","6433","70","Destination unreachable (Port unreachable)","","","0.000153857","","","","","","","","","","","","","","","",""
"254","5.852502310","172.18.0.6","10.0.0.3","UDP","63018","6255","42","63018  >  6255 Len=0","","","0.002897942","","","","","","","","","","","","","","","",""
"255","5.852728141","10.0.0.3","172.18.0.6","ICMP","63018","6255","70","Destination unreachable (Port unreachable)","","","0.000225831","","","","","","","","","","","","","","","",""
"256","5.854921777","172.18.0.6","10.0.0.3","UDP","63022","8791","42","63022  >  8791 Len=0","","","0.002193636","","","","","","","","","","","","","","","",""
"257","5.855113162","10.0.0.3","172.18.0.6","ICMP","63022","8791","70","Destination unreachable (Port unreachable)","","","0.000191385","","","","","","","","","","","","","","","",""
"258","5.857308611","172.18.0.6","10.0.0.1","UDP","63014","1852","42","63014  >  1852 Len=0","","","0.002195449","","","","","","","","","","","","","","","",""
"263","5.949546799","172.18.0.6","10.0.0.1","UDP","63020","7220","42","63020  >  7220 Len=0","","","0.032007694","","","","","","","","","","","","","","","",""
"264","5.957382213","172.18.0.6","10.0.0.1","UDP","63016","1852","42","63016  >  1852 Len=0","","","0.007835414","","","","","","","","","","","","","","","",""
"271","6.050220891","172.18.0.6","10.0.0.1","UDP","63022","7220","42","63022  >  7220 Len=0","","","0.012223445","","","","","","","","","","","","","","","",""
"272","6.057518382","172.18.0.6","10.0.0.1","UDP","63018","1852","42","63018  >  1852 Len=0","","","0.007297491","","","","","","","","","","","","","","","",""
"273","6.151271019","172.18.0.6","10.0.0.2","UDP","63016","9421","42","63016  >  9421 Len=0","","","0.093752637","","","","","","","","","","","","","","","",""
"274","6.157737751","172.18.0.6","10.0.0.1","UDP","63020","1852","42","63020  >  1852 Len=0","","","0.006466732","","","","","","","","","","","","","","","",""
"275","6.252282341","172.18.0.6","10.0.0.2","UDP","63018","9421","42","63018  >  9421 Len=0","","","0.094544590","","","","","","","","","","","","","","","",""
"276","6.258225831","172.18.0.6","10.0.0.1","UDP","63022","1852","42","63022  >  1852 Len=0","","","0.005943490","","","","","","","","","","","","","","","",""
"277","6.352493411","172.18.0.6","10.0.0.2","UDP","63020","9421","42","63020  >  9421 Len=0","","","0.094267580","","","","","","","","","","","","","","","",""
"278","6.358422725","172.18.0.6","10.0.0.3","UDP","63016","6976","42","63016  >  6976 Len=0","","","0.005929314","","","","","","","","","","","","","","","",""
"279","6.452972456","172.18.0.6","10.0.0.2","UDP","63022","9421","42","63022  >  9421 Len=0","","","0.094549731","","","","","","","","","","","","","","","",""
"280","6.459207757","172.18.0.6","10.0.0.3","UDP","63018","6976","42","63018  >  6976 Len=0","","","0.006235301","","","","","","","","","","","","","","","",""
"281","6.553011691","172.18.0.6","10.0.0.3","UDP","63016","8278","42","63016  >  8278 Len=0","","","0.093803934","","","","","","","","","","","","","","","",""
"282","6.559359425","172.18.0.6","10.0.0.1","UDP","63014","6434","42","63014  >  6434 Len=0","","","0.006347734","","","","","","","","","","","","","","","",""
"283","6.653058484","172.18.0.6","10.0.0.3","UDP","63018","8278","42","63018  >  8278 Len=0","","","0.093699059","","","","","","","","","","","","","","","",""
"284","6.659625104","172.18.0.6","10.0.0.1","UDP","63016","6434","42","63016  >  6434 Len=0","","","0.006566620","","","","","","","","","","","","","","","",""
"285","6.753270808","172.18.0.6","10.0.0.3","UDP","63020","8278","42","63020  >  8278 Len=0","","","0.093645704","","","","","","","","","","","","","","","",""
"286","6.760052738","172.18.0.6","10.0.0.1","UDP","63018","6434","42","63018  >  6434 Len=0","","","0.006781930","","","","","","","","","","","","","","","",""
"287","6.853456500","172.18.0.6","10.0.0.3","UDP","63022","8278","42","63022  >  8278 Len=0","","","0.093403762","","","","","","","","","","","","","","","",""
"288","6.853702590","10.0.0.3","172.18.0.6","ICMP","63022","8278","70","Destination unreachable (Port unreachable)","","","0.000246090","","","","","","","","","","","","","","","",""
"289","6.856240860","172.18.0.6","10.0.0.1","UDP","63014","9421","42","63014  >  9421 Len=0","","","0.002538270","","","","","","","","","","","","","","","",""
"290","6.856432797","10.0.0.1","172.18.0.6","ICMP","63014","9421","70","Destination unreachable (Port unreachable)","","","0.000191937","","","","","","","","","","","","","","","",""
"291","6.858763663","172.18.0.6","10.0.0.1","UDP","63014","1581","42","63014  >  1581 Len=0","","","0.002330866","","","","","","","","","","","","","","","",""
"292","6.858788669","172.18.0.6","10.0.0.1","UDP","63014","2070","42","63014  >  2070 Len=0","","","0.000025006","","","","","","","","","","","","","","","",""
"293","6.858825298","172.18.0.6","10.0.0.1","UDP","63014","6433","42","63014  >  6433 Len=0","","","0.000036629","","","","","","","","","","","","","","","",""
"294","6.861205099","172.18.0.6","10.0.0.1","UDP","63020","6434","42","63020  >  6434 Len=0","","","0.002379801","","","","","","","","","","","","","","","",""
"295","6.958866875","172.18.0.6","10.0.0.1","UDP","63016","2070","42","63016  >  2070 Len=0","","","0.097661776","","","","","","","","","","","","","","","",""
"296","6.958906522","172.18.0.6","10.0.0.3","UDP","63020","6976","42","63020  >  6976 Len=0","","","0.000039647","","","","","","","","","","","","","","","",""
"297","6.961737702","172.18.0.6","10.0.0.1","UDP","63022","6434","42","63022  >  6434 Len=0","","","0.002831180","","","","","","","","","","","","","","","",""
"298","6.961781760","172.18.0.6","10.0.0.1","UDP","63016","6433","42","63016  >  6433 Len=0","","","0.000044058","","","","","","","","","","","","","","","",""
"323","7.059397700","172.18.0.6","10.0.0.1","UDP","63018","2070","42","63018  >  2070 Len=0","","","0.009936019","","","","","","","","","","","","","","","",""
"324","7.059432709","172.18.0.6","10.0.0.3","UDP","63022","6976","42","63022  >  6976 Len=0","","","0.000035009","","","","","","","","","","","","","","","",""
"325","7.062173317","172.18.0.6","10.0.0.1","UDP","63018","6433","42","63018  >  6433 Len=0","","","0.002740608","","","","","","","","","","","","","","","",""
"326","7.062197562","172.18.0.6","10.0.0.1","UDP","63016","1581","42","63016  >  1581 Len=0","","","0.000024245","","","","","","","","","","","","","","","",""
"327","7.159467655","172.18.0.6","10.0.0.1","UDP","63020","2070","42","63020  >  2070 Len=0","","","0.097270093","","","","","","","","","","","","","","","",""
"328","7.162365517","172.18.0.6","10.0.0.1","UDP","63018","1581","42","63018  >  1581 Len=0","","","0.002897862","","","","","","","","","","","","","","","",""
"329","7.162392111","172.18.0.6","10.0.0.1","UDP","63020","6433","42","63020  >  6433 Len=0","","","0.000026594","","","","","","","","","","","","","","","",""
"330","7.162404506","172.18.0.6","10.0.0.1","UDP","63014","2414","42","63014  >  2414 Len=0","","","0.000012395","","","","","","","","","","","","","","","",""
"331","7.260182581","172.18.0.6","10.0.0.1","UDP","63022","2070","42","63022  >  2070 Len=0","","","0.097778075","","","","","","","","","","","","","","","",""
"332","7.263079363","172.18.0.6","10.0.0.1","UDP","63016","2414","42","63016  >  2414 Len=0","","","0.002896782","","","","","","","","","","","","","","","",""
"333","7.263103933","172.18.0.6","10.0.0.1","UDP","63022","6433","42","63022  >  6433 Len=0","","","0.000024570","","","","","","","","","","","","","","","",""
"334","7.263115568","172.18.0.6","10.0.0.1","UDP","63020","1581","42","63020  >  1581 Len=0","","","0.000011635","","","","","","","","","","","","","","","",""
"335","7.360323655","172.18.0.6","10.0.0.1","UDP","63014","3234","42","63014  >  3234 Len=0","","","0.097208087","","","","","","","","","","","","","","","",""
"336","7.363267375","172.18.0.6","10.0.0.1","UDP","63022","1581","42","63022  >  1581 Len=0","","","0.002943720","","","","","","","","","","","","","","","",""
"337","7.363293925","172.18.0.6","10.0.0.1","UDP","63018","2414","42","63018  >  2414 Len=0","","","0.000026550","","","","","","","","","","","","","","","",""
"338","7.363307640","172.18.0.6","10.0.0.1","UDP","63014","508","42","63014  >  508 Len=0","","","0.000013715","","","","","","","","","","","","","","","",""
"339","7.460478863","172.18.0.6","10.0.0.1","UDP","63016","3234","42","63016  >  3234 Len=0","","","0.097171223","","","","","","","","","","","","","","","",""
"340","7.463373535","172.18.0.6","10.0.0.1","UDP","63016","508","42","63016  >  508 Len=0","","","0.002894672","","","","","","","","","","","","","","","",""
"341","7.463400238","172.18.0.6","10.0.0.1","UDP","63020","2414","42","63020  >  2414 Len=0","","","0.000026703","","","","","","","","","","","","","","","",""
"342","7.463412804","172.18.0.6","10.0.0.1","UDP","63014","792","42","63014  >  792 Len=0","","","0.000012566","","","","","","","","","","","","","","","",""
"349","7.560561822","172.18.0.6","10.0.0.1","UDP","63018","3234","42","63018  >  3234 Len=0","","","0.029969817","","","","","","","","","","","","","","","",""
"350","7.563482457","172.18.0.6","10.0.0.1","UDP","63016","792","42","63016  >  792 Len=0","","","0.002920635","","","","","","","","","","","","","","","",""
"351","7.563516009","172.18.0.6","10.0.0.2","UDP","63024","9421","42","63024  >  9421 Len=0","","","0.000033552","","","","","","","","","","","","","","","",""
"352","7.563592344","172.18.0.6","10.0.0.1","UDP","63022","2414","42","63022  >  2414 Len=0","","","0.000076335","","","","","","","","","","","","","","","",""
"353","7.563742924","10.0.0.2","172.18.0.6","ICMP","63024","9421","70","Destination unreachable (Port unreachable)","","","0.000150580","","","","","","","","","","","","","","","",""
"354","7.663654111","172.18.0.6","10.0.0.1","UDP","63018","792","42","63018  >  792 Len=0","","","0.099911187","","","","","","","","","","","","","","","",""
"355","7.663695466","172.18.0.6","10.0.0.2","UDP","63016","6434","42","63016  >  6434 Len=0","","","0.000041355","","","","","","","","","","","","","","","",""
"356","7.763701076","172.18.0.6","10.0.0.1","UDP","63020","792","42","63020  >  792 Len=0","","","0.100005610","","","","","","","","","","","","","","","",""
"357","7.766273131","172.18.0.6","10.0.0.1","UDP","63020","3234","42","63020  >  3234 Len=0","","","0.002572055","","","","","","","","","","","","","","","",""
"358","7.864202629","172.18.0.6","10.0.0.1","UDP","63022","792","42","63022  >  792 Len=0","","","0.097929498","","","","","","","","","","","","","","","",""
"359","7.864463400","10.0.0.1","172.18.0.6","ICMP","63022","792","70","Destination unreachable (Port unreachable)","","","0.000260771","","","","","","","","","","","","","","","",""
"360","7.866656066","172.18.0.6","10.0.0.2","UDP","63018","6434","42","63018  >  6434 Len=0","","","0.002192666","","","","","","","","","","","","","","","",""
"361","7.866957274","10.0.0.2","172.18.0.6","ICMP","63018","6434","70","Destination unreachable (Port unreachable)","","","0.000301208","","","","","","","","","","","","","","","",""
"362","7.914343804","172.18.0.6","10.0.0.1","UDP","63022","3234","42","63022  >  3234 Len=0","","","0.047386530","","","","","","","","","","","","","","","",""
"363","7.967158968","172.18.0.6","10.0.0.2","UDP","63018","1599","42","63018  >  1599 Len=0","","","0.052815164","","","","","","","","","","","","","","","",""
"367","8.067218172","172.18.0.6","10.0.0.2","UDP","63020","1599","42","63020  >  1599 Len=0","","","0.055362524","","","","","","","","","","","","","","","",""
"368","8.162740272","172.18.0.6","10.0.0.3","UDP","63024","6976","42","63024  >  6976 Len=0","","","0.095522100","","","","","","","","","","","","","","","",""
"369","8.162967397","10.0.0.3","172.18.0.6","ICMP","63024","6976","70","Destination unreachable (Port unreachable)","","","0.000227125","","","","","","","","","","","","","","","",""
"370","8.167425623","172.18.0.6","10.0.0.2","UDP","63022","1599","42","63022  >  1599 Len=0","","","0.004458226","","","","","","","","","","","","","","","",""
"371","8.263736581","172.18.0.6","10.0.0.3","UDP","63016","7216","42","63016  >  7216 Len=0","","","0.096310958","","","","","","","","","","","","","","","",""
"372","8.268127889","172.18.0.6","10.0.0.2","UDP","63024","1599","42","63024  >  1599 Len=0","","","0.004391308","","","","","","","","","","","","","","","",""
"373","8.364156156","172.18.0.6","10.0.0.3","UDP","63018","7216","42","63018  >  7216 Len=0","","","0.096028267","","","","","","","","","","","","","","","",""
"374","8.464268956","172.18.0.6","10.0.0.3","UDP","63020","7216","42","63020  >  7216 Len=0","","","0.100112800","","","","","","","","","","","","","","","",""
"378","8.564350402","172.18.0.6","10.0.0.3","UDP","63022","7216","42","63022  >  7216 Len=0","","","0.051242776","","","","","","","","","","","","","","","",""
"379","8.664841569","172.18.0.6","10.0.0.3","UDP","63024","7216","42","63024  >  7216 Len=0","","","0.100491167","","","","","","","","","","","","","","","",""
"380","8.965426005","172.18.0.6","10.0.0.1","UDP","63024","3234","42","63024  >  3234 Len=0","","","0.300584436","","","","","","","","","","","","","","","",""
"381","8.965787808","10.0.0.1","172.18.0.6","ICMP","63024","3234","70","Destination unreachable (Port unreachable)","","","0.000361803","","","","","","","","","","","","","","","",""
"409","9.065963168","172.18.0.6","10.0.0.1","UDP","63024","2414","42","63024  >  2414 Len=0","","","0.023867410","","","","","","","","","","","","","","","",""
"410","9.369063183","172.18.0.6","10.0.0.2","UDP","63026","1599","42","63026  >  1599 Len=0","","","0.303100015","","","","","","","","","","","","","","","",""
"411","9.369559899","10.0.0.2","172.18.0.6","ICMP","63026","1599","70","Destination unreachable (Port unreachable)","","","0.000496716","","","","","","","","","","","","","","","",""
"412","9.569324752","172.18.0.6","10.0.0.2","UDP","63018","7220","42","63018  >  7220 Len=0","","","0.199764853","","","","","","","","","","","","","","","",""
"413","9.766040663","172.18.0.6","10.0.0.3","UDP","63026","7216","42","63026  >  7216 Len=0","","","0.196715911","","","","","","","","","","","","","","","",""
"414","9.766392733","10.0.0.3","172.18.0.6","ICMP","63026","7216","70","Destination unreachable (Port unreachable)","","","0.000352070","","","","","","","","","","","","","","","",""
"415","9.769499196","172.18.0.6","10.0.0.2","UDP","63020","7220","42","63020  >  7220 Len=0","","","0.003106463","","","","","","","","","","","","","","","",""
"416","9.966334563","172.18.0.6","10.0.0.3","UDP","63016","7711","42","63016  >  7711 Len=0","","","0.196835367","","","","","","","","","","","","","","","",""
"417","9.966720867","10.0.0.3","172.18.0.6","ICMP","63016","7711","70","Destination unreachable (Port unreachable)","","","0.000386304","","","","","","","","","","","","","","","",""
"418","9.969738537","172.18.0.6","10.0.0.2","UDP","63022","7220","42","63022  >  7220 Len=0","","","0.003017670","","","","","","","","","","","","","","","",""
"419","9.970033735","10.0.0.2","172.18.0.6","ICMP","63022","7220","70","Destination unreachable (Port unreachable)","","","0.000295198","","","","","","","","","","","","","","","",""
"423","10.166982956","172.18.0.6","10.0.0.1","UDP","63026","2414","42","63026  >  2414 Len=0","","","0.152289204","","","","","","","","","","","","","","","",""
"424","10.167018938","172.18.0.6","10.0.0.3","UDP","63016","7220","42","63016  >  7220 Len=0","","","0.000035982","","","","","","","","","","","","","","","",""
"425","10.167367372","10.0.0.1","172.18.0.6","ICMP","63026","2414","70","Destination unreachable (Port unreachable)","","","0.000348434","","","","","","","","","","","","","","","",""
"426","10.171039873","172.18.0.6","10.0.0.2","UDP","63018","7711","42","63018  >  7711 Len=0","","","0.003672501","","","","","","","","","","","","","","","",""
"427","10.367336217","172.18.0.6","10.0.0.1","UDP","63018","508","42","63018  >  508 Len=0","","","0.196296344","","","","","","","","","","","","","","","",""
"428","10.367372869","172.18.0.6","10.0.0.3","UDP","63018","7220","42","63018  >  7220 Len=0","","","0.000036652","","","","","","","","","","","","","","","",""
"429","10.467885950","172.18.0.6","10.0.0.2","UDP","63020","7711","42","63020  >  7711 Len=0","","","0.100513081","","","","","","","","","","","","","","","",""
"430","10.567592667","172.18.0.6","10.0.0.1","UDP","63020","508","42","63020  >  508 Len=0","","","0.099706717","","","","","","","","","","","","","","","",""
"431","10.569696530","172.18.0.6","10.0.0.3","UDP","63020","7220","42","63020  >  7220 Len=0","","","0.002103863","","","","","","","","","","","","","","","",""
"432","10.668447298","172.18.0.6","10.0.0.2","UDP","63022","7711","42","63022  >  7711 Len=0","","","0.098750768","","","","","","","","","","","","","","","",""
"433","10.767684538","172.18.0.6","10.0.0.1","UDP","63022","508","42","63022  >  508 Len=0","","","0.099237240","","","","","","","","","","","","","","","",""
"434","10.770569813","172.18.0.6","10.0.0.3","UDP","63022","7220","42","63022  >  7220 Len=0","","","0.002885275","","","","","","","","","","","","","","","",""
"435","10.867783991","172.18.0.6","10.0.0.2","UDP","63024","7711","42","63024  >  7711 Len=0","","","0.097214178","","","","","","","","","","","","","","","",""
"436","10.868233969","10.0.0.2","172.18.0.6","ICMP","63024","7711","70","Destination unreachable (Port unreachable)","","","0.000449978","","","","","","","","","","","","","","","",""
"437","10.967984541","172.18.0.6","10.0.0.1","UDP","63024","508","42","63024  >  508 Len=0","","","0.099750572","","","","","","","","","","","","","","","",""
"438","10.968357109","10.0.0.1","172.18.0.6","ICMP","63024","508","70","Destination unreachable (Port unreachable)","","","0.000372568","","","","","","","","","","","","","","","",""
"439","10.971461379","172.18.0.6","10.0.0.3","UDP","63024","7220","42","63024  >  7220 Len=0","","","0.003104270","","","","","","","","","","","","","","","",""
"440","10.971703207","10.0.0.3","172.18.0.6","ICMP","63024","7220","70","Destination unreachable (Port unreachable)","","","0.000241828","","","","","","","","","","","","","","","",""
"458","11.067817523","172.18.0.6","10.0.0.2","UDP","63018","7216","42","63018  >  7216 Len=0","","","0.029598325","","","","","","","","","","","","","","","",""
"460","11.168243318","172.18.0.6","10.0.0.1","UDP","63024","1581","42","63024  >  1581 Len=0","","","0.094766248","","","","","","","","","","","","","","","",""
"461","11.171594871","172.18.0.6","10.0.0.3","UDP","63016","1599","42","63016  >  1599 Len=0","","","0.003351553","","","","","","","","","","","","","","","",""
"462","11.268339572","172.18.0.6","10.0.0.2","UDP","63020","7216","42","63020  >  7216 Len=0","","","0.096744701","","","","","","","","","","","","","","","",""
"463","11.369135754","172.18.0.6","10.0.0.1","UDP","63026","1581","42","63026  >  1581 Len=0","","","0.100796182","","","","","","","","","","","","","","","",""
"464","11.372442984","172.18.0.6","10.0.0.3","UDP","63018","1599","42","63018  >  1599 Len=0","","","0.003307230","","","","","","","","","","","","","","","",""
"465","11.469793323","172.18.0.6","10.0.0.2","UDP","63022","7216","42","63022  >  7216 Len=0","","","0.097350339","","","","","","","","","","","","","","","",""
"466","11.572699084","172.18.0.6","10.0.0.3","UDP","63020","1599","42","63020  >  1599 Len=0","","","0.102905761","","","","","","","","","","","","","","","",""
"467","11.670425064","172.18.0.6","10.0.0.2","UDP","63024","7216","42","63024  >  7216 Len=0","","","0.097725980","","","","","","","","","","","","","","","",""
"468","11.773252326","172.18.0.6","10.0.0.3","UDP","63022","1599","42","63022  >  1599 Len=0","","","0.102827262","","","","","","","","","","","","","","","",""
"469","11.870678458","172.18.0.6","10.0.0.2","UDP","63026","7216","42","63026  >  7216 Len=0","","","0.097426132","","","","","","","","","","","","","","","",""
"470","11.871009355","10.0.0.2","172.18.0.6","ICMP","63026","7216","70","Destination unreachable (Port unreachable)","","","0.000330897","","","","","","","","","","","","","","","",""
"471","11.974154597","172.18.0.6","10.0.0.3","UDP","63024","1599","42","63024  >  1599 Len=0","","","0.103145242","","","","","","","","","","","","","","","",""
"472","11.974547544","10.0.0.3","172.18.0.6","ICMP","63024","1599","70","Destination unreachable (Port unreachable)","","","0.000392947","","","","","","","","","","","","","","","",""
"479","12.071111250","172.18.0.6","10.0.0.2","UDP","63018","8278","42","63018  >  8278 Len=0","","","0.036607140","","","","","","","","","","","","","","","",""
"480","12.174926343","172.18.0.6","10.0.0.3","UDP","63014","9421","42","63014  >  9421 Len=0","","","0.103815093","","","","","","","","","","","","","","","",""
"481","12.271741253","172.18.0.6","10.0.0.2","UDP","63020","8278","42","63020  >  8278 Len=0","","","0.096814910","","","","","","","","","","","","","","","",""
"482","12.375033311","172.18.0.6","10.0.0.3","UDP","63016","9421","42","63016  >  9421 Len=0","","","0.103292058","","","","","","","","","","","","","","","",""
"483","12.472275140","172.18.0.6","10.0.0.2","UDP","63022","8278","42","63022  >  8278 Len=0","","","0.097241829","","","","","","","","","","","","","","","",""
"487","12.570715868","172.18.0.6","10.0.0.1","UDP","63028","1581","42","63028  >  1581 Len=0","","","0.051702419","","","","","","","","","","","","","","","",""
"488","12.571099832","10.0.0.1","172.18.0.6","ICMP","63028","1581","70","Destination unreachable (Port unreachable)","","","0.000383964","","","","","","","","","","","","","","","",""
"491","12.575701285","172.18.0.6","10.0.0.3","UDP","63018","9421","42","63018  >  9421 Len=0","","","0.001912794","","","","","","","","","","","","","","","",""
"492","12.673124290","172.18.0.6","10.0.0.2","UDP","63024","8278","42","63024  >  8278 Len=0","","","0.097423005","","","","","","","","","","","","","","","",""
"493","12.776136711","172.18.0.6","10.0.0.3","UDP","63020","9421","42","63020  >  9421 Len=0","","","0.103012421","","","","","","","","","","","","","","","",""
"494","12.874197952","172.18.0.6","10.0.0.2","UDP","63026","8278","42","63026  >  8278 Len=0","","","0.098061241","","","","","","","","","","","","","","","",""
"495","12.874629476","10.0.0.2","172.18.0.6","ICMP","63026","8278","70","Destination unreachable (Port unreachable)","","","0.000431524","","","","","","","","","","","","","","","",""
"496","12.971611375","172.18.0.6","10.0.0.1","UDP","63024","6433","42","63024  >  6433 Len=0","","","0.096981899","","","","","","","","","","","","","","","",""
"497","12.972006550","10.0.0.1","172.18.0.6","ICMP","63024","6433","70","Destination unreachable (Port unreachable)","","","0.000395175","","","","","","","","","","","","","","","",""
"498","12.976495533","172.18.0.6","10.0.0.3","UDP","63022","9421","42","63022  >  9421 Len=0","","","0.004488983","","","","","","","","","","","","","","","",""
"499","12.976818319","10.0.0.3","172.18.0.6","ICMP","63022","9421","70","Destination unreachable (Port unreachable)","","","0.000322786","","","","","","","","","","","","","","","",""
"524","13.074558341","172.18.0.6","10.0.0.2","UDP","63018","6976","42","63018  >  6976 Len=0","","","0.033216030","","","","","","","","","","","","","","","",""
"525","13.176894917","172.18.0.6","10.0.0.3","UDP","63014","1581","42","63014  >  1581 Len=0","","","0.102336576","","","","","","","","","","","","","","","",""
"526","13.274596594","172.18.0.6","10.0.0.2","UDP","63020","6976","42","63020  >  6976 Len=0","","","0.097701677","","","","","","","","","","","","","","","",""
"527","13.371781960","172.18.0.6","10.0.0.1","UDP","63024","2070","42","63024  >  2070 Len=0","","","0.097185366","","","","","","","","","","","","","","","",""
"528","13.377116902","172.18.0.6","10.0.0.3","UDP","63016","1581","42","63016  >  1581 Len=0","","","0.005334942","","","","","","","","","","","","","","","",""
"529","13.474619200","172.18.0.6","10.0.0.2","UDP","63022","6976","42","63022  >  6976 Len=0","","","0.097502298","","","","","","","","","","","","","","","",""
"536","13.577545890","172.18.0.6","10.0.0.3","UDP","63018","1581","42","63018  >  1581 Len=0","","","0.042577346","","","","","","","","","","","","","","","",""
"537","13.675454359","172.18.0.6","10.0.0.2","UDP","63024","6976","42","63024  >  6976 Len=0","","","0.097908469","","","","","","","","","","","","","","","",""
"538","13.771813482","172.18.0.6","10.0.0.1","UDP","63026","2070","42","63026  >  2070 Len=0","","","0.096359123","","","","","","","","","","","","","","","",""
"539","13.778208724","172.18.0.6","10.0.0.3","UDP","63020","1581","42","63020  >  1581 Len=0","","","0.006395242","","","","","","","","","","","","","","","",""
"540","13.875828475","172.18.0.6","10.0.0.2","UDP","63026","6976","42","63026  >  6976 Len=0","","","0.097619751","","","","","","","","","","","","","","","",""
"541","13.876216601","10.0.0.2","172.18.0.6","ICMP","63026","6976","70","Destination unreachable (Port unreachable)","","","0.000388126","","","","","","","","","","","","","","","",""
"542","13.978954232","172.18.0.6","10.0.0.3","UDP","63022","1581","42","63022  >  1581 Len=0","","","0.102737631","","","","","","","","","","","","","","","",""
"543","13.979493927","10.0.0.3","172.18.0.6","ICMP","63022","1581","70","Destination unreachable (Port unreachable)","","","0.000539695","","","","","","","","","","","","","","","",""
"544","14.076035687","172.18.0.6","10.0.0.2","UDP","63018","6255","42","63018  >  6255 Len=0","","","0.096541760","","","","","","","","","","","","","","","",""
"545","14.172642231","172.18.0.6","10.0.0.1","UDP","63028","2070","42","63028  >  2070 Len=0","","","0.096606544","","","","","","","","","","","","","","","",""
"546","14.173044832","10.0.0.1","172.18.0.6","ICMP","63028","2070","70","Destination unreachable (Port unreachable)","","","0.000402601","","","","","","","","","","","","","","","",""
"547","14.178978197","172.18.0.6","10.0.0.3","UDP","63014","2070","42","63014  >  2070 Len=0","","","0.005933365","","","","","","","","","","","","","","","",""
"548","14.276676139","172.18.0.6","10.0.0.2","UDP","63020","6255","42","63020  >  6255 Len=0","","","0.097697942","","","","","","","","","","","","","","","",""
"549","14.379209550","172.18.0.6","10.0.0.3","UDP","63016","2070","42","63016  >  2070 Len=0","","","0.102533411","","","","","","","","","","","","","","","",""
"550","14.476784511","172.18.0.6","10.0.0.2","UDP","63022","6255","42","63022  >  6255 Len=0","","","0.097574961","","","","","","","","","","","","","","","",""
"551","14.572896916","172.18.0.6","10.0.0.1","UDP","63024","6434","42","63024  >  6434 Len=0","","","0.096112405","","","","","","","","","","","","","","","",""
"552","14.579634851","172.18.0.6","10.0.0.3","UDP","63018","2070","42","63018  >  2070 Len=0","","","0.006737935","","","","","","","","","","","","","","","",""
"553","14.676893309","172.18.0.6","10.0.0.2","UDP","63024","6255","42","63024  >  6255 Len=0","","","0.097258458","","","","","","","","","","","","","","","",""
"554","14.780553791","172.18.0.6","10.0.0.3","UDP","63020","2070","42","63020  >  2070 Len=0","","","0.103660482","","","","","","","","","","","","","","","",""
"555","14.877091890","172.18.0.6","10.0.0.2","UDP","63026","6255","42","63026  >  6255 Len=0","","","0.096538099","","","","","","","","","","","","","","","",""
"556","14.877503200","10.0.0.2","172.18.0.6","ICMP","63026","6255","70","Destination unreachable (Port unreachable)","","","0.000411310","","","","","","","","","","","","","","","",""
"557","14.973356152","172.18.0.6","10.0.0.1","UDP","63026","6434","42","63026  >  6434 Len=0","","","0.095852952","","","","","","","","","","","","","","","",""
"558","14.973858741","10.0.0.1","172.18.0.6","ICMP","63026","6434","70","Destination unreachable (Port unreachable)","","","0.000502589","","","","","","","","","","","","","","","",""
"559","14.980765869","172.18.0.6","10.0.0.3","UDP","63022","2070","42","63022  >  2070 Len=0","","","0.006907128","","","","","","","","","","","","","","","",""
"560","14.981205566","10.0.0.3","172.18.0.6","ICMP","63022","2070","70","Destination unreachable (Port unreachable)","","","0.000439697","","","","","","","","","","","","","","","",""
"583","15.077257270","172.18.0.6","10.0.0.2","UDP","63018","1031","114","63018  >  1031 Len=72","","","0.024705243","","","","","","","","","","","","","","","",""
"585","15.181061425","172.18.0.6","10.0.0.3","UDP","63014","6433","42","63014  >  6433 Len=0","","","0.087603664","","","","","","","","","","","","","","","",""
"586","15.277564160","172.18.0.6","10.0.0.2","UDP","63020","1031","114","63020  >  1031 Len=72","","","0.096502735","","","","","","","","","","","","","","","",""
"587","15.373961880","172.18.0.6","10.0.0.1","UDP","63024","1852","42","63024  >  1852 Len=0","","","0.096397720","","","","","","","","","","","","","","","",""
"588","15.381279322","172.18.0.6","10.0.0.3","UDP","63016","6433","42","63016  >  6433 Len=0","","","0.007317442","","","","","","","","","","","","","","","",""
"589","15.477639693","172.18.0.6","10.0.0.2","UDP","63022","1031","114","63022  >  1031 Len=72","","","0.096360371","","","","","","","","","","","","","","","",""
"590","15.581928811","172.18.0.6","10.0.0.3","UDP","63018","6433","42","63018  >  6433 Len=0","","","0.104289118","","","","","","","","","","","","","","","",""
"591","15.678313485","172.18.0.6","10.0.0.2","UDP","63024","1031","114","63024  >  1031 Len=72","","","0.096384674","","","","","","","","","","","","","","","",""
"592","15.774431779","172.18.0.6","10.0.0.1","UDP","63026","1852","42","63026  >  1852 Len=0","","","0.096118294","","","","","","","","","","","","","","","",""
"593","15.782160346","172.18.0.6","10.0.0.3","UDP","63020","6433","42","63020  >  6433 Len=0","","","0.007728567","","","","","","","","","","","","","","","",""
"594","15.878401357","172.18.0.6","10.0.0.2","UDP","63026","1031","114","63026  >  1031 Len=72","","","0.096241011","","","","","","","","","","","","","","","",""
"595","15.878773098","10.0.0.2","172.18.0.6","ICMP","63026","1031","142","Destination unreachable (Port unreachable)","","","0.000371741","","","","","","","","","","","","","","","",""
"596","15.982361898","172.18.0.6","10.0.0.3","UDP","63022","6433","42","63022  >  6433 Len=0","","","0.103588800","","","","","","","","","","","","","","","",""
"597","15.982708448","10.0.0.3","172.18.0.6","ICMP","63022","6433","70","Destination unreachable (Port unreachable)","","","0.000346550","","","","","","","","","","","","","","","",""
"604","16.078790312","172.18.0.6","10.0.0.2","UDP","63018","8791","42","63018  >  8791 Len=0","","","0.025753792","","","","","","","","","","","","","","","",""
